1,Salomon QST 99 Skis 2020,167 cm,Ski,649.99,10
2,Salomon QST 99 Skis 2020,174 cm,Ski,649.99,5
3,Salomon QST 99 Skis 2020,181 cm,Ski,649.99,1
4,Nordica Enforcer 100 Skis 2020,169cm,Ski,699.99,3
5,Nordica Enforcer 100 Skis 2020,177cm,Ski,699.99,5
6,Nordica Enforcer 100 Skis 2020,185cm,Ski,699.99,2
7,Nordica Enforcer 100 Skis 2020,193cm,Ski,699.99,7
8,Capita Kazu Kokubo Pro,151cm,Snowboard,579.95,4
9,Capita Kazu Kokubo Pro,154cm,Snowboard,579.95,7
10,Capita Kazu Kokubo Pro,157cm,Snowboard,579.95,8
11,Capita Kazu Kokubo Pro,160cm,Snowboard,579.95,2
12,Ride Warpig 2020,142cm,Snowboard,489.95,6
13,Ride Warpig 2020,142cm,Snowboard,489.95,4
14,Ride Warpig 2020,142cm,Snowboard,489.95,8
15,Ride Warpig 2020,142cm,Snowboard,489.95,2
16,Ride Warpig 2020,142cm,Snowboard,489.95,1
17,Ride Warpig 2020,142cm,Snowboard,489.95,5
18,Burton AK 2L GORE-TEX Swash,S,Mens,429.95,10
19,Burton AK 2L GORE-TEX Swash,M,Mens,429.95,11
20,Burton AK 2L GORE-TEX Swash,L,Mens,429.95,7
21,Burton AK 2L GORE-TEX Swash,XL,Mens,429.95,8
22,Patagonia Insulated Snowbelle Jacket,S,Womens,299.00,4
23,Patagonia Insulated Snowbelle Jacket,M,Womens,299.00,6
24,Patagonia Insulated Snowbelle Jacket,L,Womens,299.00,3
25,Patagonia Insulated Snowbelle Jacket,XL,Womens,299.00,9